ID;Nome;Cognome;Data di nascita;Indirizzo;Documento ID
1;Mario;Rossi;23/02/1990;Via Roma 15, Torino;AS 348945 0
2;Laura;Monte;02/10/1986;Corso Grosseto 20, Roma;ER 485859 8
3;Giovanna;Dante;09/07/1995;Via Piave 89, Napoli;RT 679059 9
4;Luca;Passio;10/10/2001;Via Montalbano, Agrigento;YO 986732 15
5;ciao;ciao;ciao;ciao;ciao
6;test;test;test;test;test
7;test2;test2;test2;test2;test2
8;nome;cognome;ddn;indirizzo;iddocumento
9;test3;test3;test3;test3;test3
10;Brio;Deppen;07/02/1986;Via Italia;10
11;test4;test4;test4;test4;test4
12;ciao;ciao;ciao;ciao;ciao